country,temperature,precipitation,gdp_per_capita,water_access,sanitation_access,political_stability,ccri_score,cassava_production,cassava_area,cassava_yield,cassava_volatility,maize_production,maize_area,maize_yield,maize_volatility,rice_production,rice_area,rice_yield,rice_volatility,sorghum_production,sorghum_area,sorghum_yield,sorghum_volatility,wheat_production,wheat_area,wheat_yield,wheat_volatility,yams_production,yams_area,yams_yield,yams_volatility,gdp_per_capita_lag1,water_access_lag1,sanitation_access_lag1,political_stability_lag1,temperature_lag1,precipitation_lag1,cassava_production_lag1,cassava_area_lag1,cassava_yield_lag1,cassava_volatility_lag1,maize_production_lag1,maize_area_lag1,maize_yield_lag1,maize_volatility_lag1,rice_production_lag1,rice_area_lag1,rice_yield_lag1,rice_volatility_lag1,sorghum_production_lag1,sorghum_area_lag1,sorghum_yield_lag1,sorghum_volatility_lag1,wheat_production_lag1,wheat_area_lag1,wheat_yield_lag1,wheat_volatility_lag1,yams_production_lag1,yams_area_lag1,yams_yield_lag1,yams_volatility_lag1,gdp_per_capita_lag2,water_access_lag2,sanitation_access_lag2,political_stability_lag2,temperature_lag2,precipitation_lag2,cassava_production_lag2,cassava_area_lag2,cassava_yield_lag2,cassava_volatility_lag2,maize_production_lag2,maize_area_lag2,maize_yield_lag2,maize_volatility_lag2,rice_production_lag2,rice_area_lag2,rice_yield_lag2,rice_volatility_lag2,sorghum_production_lag2,sorghum_area_lag2,sorghum_yield_lag2,sorghum_volatility_lag2,wheat_production_lag2,wheat_area_lag2,wheat_yield_lag2,wheat_volatility_lag2,yams_production_lag2,yams_area_lag2,yams_yield_lag2,yams_volatility_lag2
Angola,0.1155929395425172,0.004563969651692962,0.10774630305480155,2.6582223463608288,0.07187441216901028,0.11338738489023585,0.06006660683011893,0.130315396373956,0.014495831608855633,0.05774921656655696,0.3092501034746963,0.010993613872646142,0.04969499293986048,0.02112461187808482,0.04256602354318661,0.00631405953103018,0.03965769277337966,0.04866000365064355,0.03818118023136257,0.02898269553436092,0.016657044001513105,0.02248129579208945,0.0468327919656808,0.00939970764705589,0.00899433400316392,0.07333526729292997,0.1003616630776102,0.005238199497032072,0.008158106763059338,0.09401651823869282,0.014110833981593596,0.28777602013542547,0.22427745011025033,0.06666313262014013,0.041056923434597055,0.043897509162973435,0.009460068550547285,0.05062788027390868,0.008455685572814627,0.06370147032031437,0.2484372926848167,0.033825938245923545,0.0645259836411928,0.029231233136204963,0.05161949925717174,0.014320980768702965,0.03125893105687402,0.030005845557384753,0.011143660411806778,0.009860070816651282,0.028584122962452472,0.017185723151708902,0.036763462682197365,0.011094613426146207,0.01805828145311956,0.0788727484801396,0.10285383875703275,0.015551461018721624,0.009502120855366747,0.027146223622701145,0.011341408893932559,3.4313104217143,0.16715954929623922,0.09824048273219606,0.08329575421701473,0.12314430113761486,0.020465618244384327,0.06392533624139868,0.018302823616626326,0.04244286740199186,0.028391701682538895,0.024354865140742775,0.07319552668860077,0.014985945626323062,0.4145764926199687,0.08584929553010508,0.08299113207462107,0.07453709329435802,0.01793863324990919,0.019293042467929743,0.031172883262583967,0.01271455455286686,0.022307472727403566,0.1234479005764028,0.017954128180739364,0.09329364194519692,0.16207076157850278,0.012657034743912825,0.00701465783645645,0.012968140764068662,0.00860487388802376
Benin,0.07741887237562502,0.017683013323675407,0.05280051088552564,2.136593785435432,0.24313114984828169,0.2099728137255283,0.10453030811660777,0.15946002735322978,0.009868582963833257,0.022176917207831003,0.21129767289762147,0.01465360791519393,0.03320891749270392,0.0084139861238619,0.04231209790973026,0.055357069654940895,0.010637984529171605,0.07929208630370191,0.031122388493148547,0.01403244934581225,0.015433830234793106,0.04299975584633403,0.04581795128125302,0.00400214392871464,0.024291037253771457,0.13589197087400165,0.0703994177089132,0.024560060236863426,0.008479957683860746,0.302204538022596,0.023924629279917484,0.1743426367219728,0.13385293807660945,0.07775573340255997,0.07401388178183944,0.03563575925520944,0.013432271222419108,0.07742330682714675,0.004631289377908681,0.015541846537155042,0.12767865182724647,0.057183294772814926,0.02506329842876679,0.010702820869990493,0.017238577838138647,0.02032694659151416,0.00410563942783211,0.024333888995287888,0.016313150858822817,0.009351166228711419,0.04951922211584353,0.013911109448872588,0.020945085151078447,0.03936113518194491,0.030259430837559546,0.08020880159120725,0.09750784508669444,0.02024474605115337,0.020127262192695478,0.11924687740654817,0.009681646849901249,3.0035822054140233,0.12443424398052767,0.0563177058065565,0.07769673003949663,0.10023883636841607,0.008760310301455432,0.051736914840141875,0.02371308746739295,0.024577673179331655,0.06599959833758685,0.017005922750542975,0.02193540902114056,0.022246673979705128,0.20168421287099025,0.018645796781781118,0.008312512987522247,0.04432491102050039,0.017407335949561672,0.013006237224684232,0.057850553434696146,0.01257271607233355,0.01129166291268051,0.07191488226836706,0.020580496793534808,0.1337641623911641,0.1082548547025611,0.014727578120694286,0.03205484710838167,0.016184302847140668,0.008169720048012143
Burkina Faso,0.1956572021898149,0.01771290090206067,0.03127682864847814,0.9283824319314612,0.026224835658452274,0.08714705269716957,0.014226446401421677,0.4379171313603879,0.033524427233185584,0.055833972452497695,0.3950295903888075,0.006121476530381232,0.03613072456577534,0.01422040423682808,0.021150774628423036,0.0469260005419755,0.03099644437890796,0.04361155254829175,0.03805178141480154,0.02359643110163763,0.022052762427040525,0.05069614688156802,0.04225785808611549,0.01304285601549245,0.05145372616951598,0.1421345296907696,0.1132434240845964,0.02031016600334614,0.010230981183061505,0.17596312343738943,0.022084325473431067,0.277052654031217,0.07456096306952531,0.028508868832921013,0.04204390782985327,0.07873200449271095,0.007875907211987788,0.1887761786049944,0.0205899023254483,0.02153796617711755,0.24047722383890865,0.018625110314366155,0.031768024987251134,0.022929710843318254,0.04450484050876515,0.02851945120586821,0.010933783962314798,0.022786220439498895,0.03445282538104845,0.008048683805889276,0.03002739194809546,0.024734670216137667,0.027563733018196285,0.05068212222360097,0.05612672520380945,0.13267104047355308,0.14626929419146964,0.04091756872219311,0.018030532346215978,0.058341809178310555,0.025149658220145598,3.8263732001867563,0.060533998641389364,0.04874787121791315,0.07349361624073847,0.20751769076158375,0.025602318436123022,0.3573007674422148,0.03654227860072247,0.04495036262045961,0.05385513603271798,0.009074273411299322,0.02891377648516515,0.027726922650203052,0.23029169549169326,0.026830936635464347,0.01617322169348445,0.042183789823882066,0.04409219069299401,0.01434107032407318,0.04660000136293705,0.033517478410625565,0.017225627993966517,0.12808232793699392,0.03089052067935603,0.20166448185844357,0.17462727841335968,0.01347535346464436,0.004359626735150888,0.02710224433188151,0.017474863471966928
Burundi,0.5831015052775749,0.0032885516860941466,0.15428989084747888,0.8702493357377561,0.06667159707451455,0.1986762559787037,0.026217695906799766,0.24208055493934402,0.011396154426426677,0.016589117357011404,0.09999187529925364,0.007639329989937271,0.007941540067480657,0.0689929524971436,0.03173819289764637,0.023209389701455557,0.01816500371231315,0.0411556265947294,0.04801702100487969,0.012317528563156701,0.022576225823277545,0.04051290729217616,0.012500841467408534,0.06784383058496657,0.018342195301910266,0.27738734441206525,0.03371717349042125,0.2560010294035123,0.03211057678569266,0.02286862786075221,0.016936201442478895,0.9928192774969397,0.046137545765128074,0.055838806241201855,0.021949542979314392,0.21377082683274848,0.009269128823100312,0.1627242136649945,0.025034046468041526,0.0169126097772177,0.05987226821266224,0.026236086255437246,0.011301046541940063,0.06269163428248874,0.0248435249158341,0.014408487581515802,0.009998881816328534,0.03536419278013144,0.05290079028971953,0.006743501103497441,0.03912440167343057,0.025610262135379945,0.007096719719031731,0.16469515402746723,0.020041876703448338,1.2645029928991802,0.06265341212544003,0.3092300398581755,0.38641920090724946,0.013608908421987502,0.01572698479122983,11.546578969238835,0.033177095125835186,0.12935452794596355,0.11230020224012897,0.5024017933741026,0.002860316870412354,0.22419579506100232,0.004430377560511793,0.018991956614313715,0.03809187206547612,0.01647749991279826,0.022170964016064214,0.04622323279365656,0.12745027633233885,0.012765452112793238,0.011882336726501819,0.02300801099074524,0.014197356244102113,0.01195853312313499,0.010184781344922372,0.033698898567761704,0.008018685753002634,0.6125673497641647,0.01443833556289044,1.6411688490486283,0.04252886660715497,0.1631167257129464,0.13558832335840193,0.023380168976710424,0.003385917697105949
Cameroon,0.03242416321662481,0.005323074484148488,0.059381446767282,1.4712264215754245,0.039120028666663476,0.46532708139047135,0.08916026301756283,0.13235351337295584,0.005769673537289723,0.04956313619794933,0.21339611357889693,0.027688582243425696,0.03693351570700168,0.012716439873956056,0.03136683124216757,0.04937781963585363,0.015257949030416074,0.07288335224913876,0.01678721772951831,0.038211826161264145,0.06520881282516273,0.061023507128724265,0.03476832023864047,0.07234378547546472,0.009244602341092575,0.03669555779344121,0.052222086846321236,0.00799402460448215,0.009890551488664166,0.18860459824837505,0.020685008242007374,0.15998196063021797,0.1704013025487838,0.06056258134638948,0.07910941871452164,0.022413691637440263,0.007782841683405578,0.05226200492934022,0.007571345515339484,0.06409996720116452,0.15437376470332426,0.04157448599882835,0.02749594536387796,0.0371742280866549,0.013901140493470443,0.020625792355521505,0.008421895156259889,0.03871924866728319,0.017216119657069706,0.03603228761845206,0.06595664879760862,0.03270135553803809,0.03618782610221736,0.24678757608580248,0.015389806518467894,0.030454924279834976,0.028193579696683926,0.02028751433848054,0.016509613685756278,0.03369638043202354,0.018774086397647848,2.3043282429678285,0.08887711306940783,0.07926324982824437,0.23342426715566902,0.03158880705709135,0.010692841461008473,0.054739367432171275,0.016846127016129954,0.07722239623235849,0.050720314612549805,0.012820899694548202,0.04047274799611109,0.011367690193201661,0.23643995332059126,0.018855910759357383,0.02070364186011147,0.06935799793797504,0.02101045606241093,0.04393409685694997,0.1651277898341436,0.006197768732291187,0.018406158754128925,0.6014255635711232,0.03226800147392126,0.034460963431545644,0.07083541800349011,0.02311090158774203,0.01906109814803338,0.04714540068040805,0.016593318998320204
Central African Republic,0.26911638520041253,0.009337426412059549,0.0196629890873553,0.9429742534221004,0.013432042289275947,0.1848820862121591,0.08283834654250329,0.11367505060802094,0.013857565661278654,0.022317129403018766,0.11116781615368203,0.01855093182440647,0.013979277182192287,0.015361495291553433,0.04202901480711462,0.038319960879108696,0.018708006564382394,0.04368485918440243,0.03934004874323999,0.019919549288589303,0.004786288381633416,0.06798791157970543,0.011351686647377467,0.02356222776310107,0.06335960511275471,0.09163059677526444,0.1398755170001476,0.06286734224128575,0.0314589517846118,0.08398963737869196,0.02496832624692283,0.5764122760611166,0.08904099160314999,0.022504059204489675,0.030726078161366743,0.08724930257969808,0.007508637526056721,0.08669409735836121,0.01460374790897739,0.021144597460487434,0.09421071057430978,0.025420490365419296,0.007785332411762961,0.008482420812515086,0.037455200509699325,0.02916074855927937,0.004559843305165939,0.013565129047143248,0.008310929743954549,0.022623173395642612,0.006582158678076805,0.047730930771643774,0.025543199272958696,0.04988920988536534,0.09612213084611328,0.24010551731785632,0.16644192670470312,0.115921957082753,0.062319736303450876,0.02388009288428663,0.01586839178992482,7.284278647169521,0.06321201919930412,0.20122267758768156,0.09289981431732428,0.30555840440437265,0.01102726963949765,0.11845969901074023,0.0038634146165937694,0.016962883750173467,0.04148785900184206,0.009157995019282883,0.01802727378144826,0.008099155072713913,0.1369491627772471,0.04235986361458607,0.04117661514062882,0.02780563733334717,0.012485390810174688,0.022802391828592797,0.010492001771043908,0.08906987827905727,0.04525078161413441,0.34779767093126784,0.08564684308296662,0.36601739276894324,0.3114106388897211,0.053240361631237444,0.05403182350697973,0.018466687730005673,0.003241604016224118
Chad,0.06524675260057126,0.008460540532532645,0.026685084711980507,2.009354988203479,0.1653592133579053,0.1816633164268997,0.2663570619370108,0.05086416037644719,0.03373164597840168,0.04618044053444276,0.2663741720601389,0.02820196684099908,0.05299165982397438,0.01553563370705741,0.041409749350858345,0.0442498996679436,0.013369805536996892,0.0665692907433722,0.030152442488460274,0.07708704594276466,0.032326924708069936,0.03352559381290816,0.0937081010275594,0.02327038398547823,0.02384300020399532,0.0700642178556443,0.09616964627953131,0.004133901565628062,0.007446328799157125,0.24169211476893812,0.0106384159490236,0.16158794107919563,0.2477094385966379,0.10132732966657435,0.040881274063692526,0.025378405982869605,0.01829957333851334,0.021065216848982927,0.005053247126177343,0.034433971054633895,0.18848327899789893,0.04068736864307348,0.03802538076798503,0.01673365573115786,0.05762462492603068,0.015928545218406382,0.02107485061572041,0.05057561853986973,0.02551818213012136,0.03336940986268632,0.01182234778245608,0.005800386611375888,0.028116195211817227,0.07337179819163514,0.032451423664135844,0.08464693747723377,0.18297776672418858,0.023340804722673313,0.018174021574344022,0.06235681803884002,0.011717969509884822,2.646706551527927,0.2836739469668074,0.11696687371162498,0.1831531250476311,0.06014861549465383,0.019321642156932814,0.02699597894171435,0.028240654903593884,0.03614546368800427,0.06133699361809183,0.01748918234612542,0.057388401543924994,0.016472228606561376,0.19140358450515316,0.03374514561364408,0.011814822555634721,0.12067858170296636,0.027090734480562675,0.05327538229864213,0.0382875606579089,0.01346752503879722,0.025731110121616683,0.22240655072006196,0.027426360655293316,0.11908175863993128,0.17662811040245985,0.014113743738138243,0.007975150844095212,0.016472336405550864,0.004330375896274515
Comoros,0.04146936858121634,0.009020818518225683,0.07884299613079877,1.6721394522597524,0.11173250801072095,0.3608204096973858,0.06039301006923624,0.2350124857053315,0.019566904977244854,0.05416521608428978,0.1722065676017036,0.015538162567396529,0.46338735998735103,0.05262157434449221,0.07903223125287333,0.6408729635396995,0.018596371512140483,0.23122456373798234,0.03423875374910492,0.017323863742638713,0.022489191480995846,0.048402000226812514,0.015961071305866284,0.003637123556408307,0.021615796416083917,0.08515301236097156,0.07723840252785513,0.01331452687294561,0.010631642143490551,0.10404161242311045,0.010137309014470158,0.1980199884632124,0.1683755980888655,0.027746204943535243,0.06304263455389869,0.05362778791939449,0.010037942941133863,0.110197095730651,0.007233780468931835,0.04527294535379608,0.12381895686423246,0.029301598632635636,0.45789859944827566,0.06693975076391387,0.058747212982436306,0.07490020524780266,0.03392728759717889,0.09048152100981662,0.05525740591029211,0.021038826516968506,0.04908225195591189,0.022871705156717246,0.010988412588521169,0.0275823753597074,0.009183937938698372,0.07261705178864639,0.1138993398846304,0.049025024524600835,0.029349736483698697,0.052536215508148854,0.0076051668500267105,2.945215399885309,0.1354557927480556,0.03336739133328896,0.190948196620454,0.042132371652893096,0.03491358678439925,0.19497339292073704,0.04008611810664491,0.04467328326971694,0.20498093211190999,0.013735519995178075,0.40093401831416864,0.054543667081919135,0.22458484535771722,0.08308016252680069,0.059193958110784914,0.10995565231595401,0.006754819223736602,0.022031863190924292,0.055400205019604964,0.0073210768550458554,0.022967961557704145,0.08379470661307291,0.008361912759766808,0.10982499960868257,0.09019373867715762,0.02376975832944653,0.030709074771578804,0.03596251376522235,0.008166800119795509
Congo,0.03405105184161916,0.009746690296271267,0.16050085599363667,2.6711300944583205,0.09885456294973567,0.3950221530861518,0.09481857710970637,0.05236473142139815,0.006463350640439332,0.00955201252842769,0.1673808472308381,0.03301185599045113,0.08216620425802129,0.02781102767697698,0.15754631249259932,0.05898825832093415,0.01376533008384294,0.13168450088552472,0.03574150650277397,0.034255986916587405,0.03140608598516799,0.07283180991129327,0.029280126929110025,0.008240816952875225,0.0287258585431827,0.1257167431105742,0.11737457074114259,0.029906275311718546,0.007469650413848984,0.17029476459899356,0.02139211535971432,0.3545828881392783,0.2207568193334829,0.03895232318026003,0.08094066549778826,0.026832090979467014,0.008075261475239933,0.01374275050166425,0.00464887114214964,0.0105794018802427,0.15702013586988994,0.0605959906048398,0.058480251046894936,0.02838113034521203,0.10454700939463607,0.03906489738509065,0.03431931148118924,0.06669279648576454,0.017206293226665476,0.031905484989852934,0.061821631803327746,0.03691678379969552,0.012384752151580162,0.04687310093810293,0.01609034759880612,0.09442167340311763,0.13974489414069877,0.013215087482754231,0.008260892879818002,0.04683551784954877,0.006117533101020506,4.2000132401196035,0.17714930946440188,0.03143396749467792,0.22480439371806496,0.04224700143699761,0.008223124294079705,0.027725082202321078,0.010966304251493917,0.015596049708411476,0.27118674827581196,0.011047588459411485,0.04016008681121954,0.027386195611653393,0.36105242253356856,0.0655161503203975,0.06688734506563636,0.09727563986556453,0.010745704544673275,0.02950141576443699,0.09670604921851338,0.02548745319186887,0.02024887813700892,0.08320376467583242,0.012692702158349528,0.13585250738425284,0.11640079595214542,0.0061570828208035505,0.01158476371161554,0.02562807414409123,0.009676624841506203
Democratic Republic of the Congo,0.1942141862608921,0.00726490377519292,0.03481295821784277,1.0660059132442496,0.01080528849547809,0.1814479506171771,0.023775689277871742,0.16405868099969423,0.02659787989330123,0.02867669247395311,0.133346015522776,0.009556955292020273,0.020407482434463484,0.016783213305943966,0.026388735883313186,0.054235254161603505,0.015303272883487954,0.01951992246983474,0.014728346771770309,0.01884382680625781,0.004312706843400394,0.03838300629624945,0.013441996683973851,0.02925153132460992,0.05878679449618577,0.01772854315503607,0.05191440868190239,0.034419840090354904,0.006715678048225476,0.012582754700510361,0.01567053391002281,0.6051442666144087,0.11795015567633467,0.03878950921452658,0.03144633300818767,0.07387842156544346,0.0015811380095401212,0.11083031454767053,0.010640197084143273,0.02037191528738148,0.09740284894560929,0.020699158237818788,0.021437213126510618,0.004826622542343148,0.02990580053399016,0.030629880427149158,0.0064606660829260336,0.012306028977434281,0.010013660080970896,0.021133145213839383,0.003668326626343828,0.033537255596574535,0.03228096422517669,0.0852579286487818,0.0849135118518722,0.17114056975966238,0.04429829312692704,0.06048513730559681,0.05469803846363255,0.004578136532841217,0.011639004407024195,7.4436655737878805,0.10954899566418426,0.1580007393312317,0.0942613031855829,0.22987636725812302,0.006686242538367637,0.12426596482611502,0.0064524099179452165,0.02352136819048642,0.02977121220892363,0.012285391938583879,0.055351576939835286,0.004292768344138434,0.13262313297465939,0.02087339709536918,0.01576155732001976,0.031556839997960086,0.013873879886282215,0.020808217771348152,0.011263407493515239,0.07962293360404486,0.03967350852329376,0.395126092625653,0.058491739741127806,0.26583179350428643,0.0514548894424231,0.020037308312457494,0.022113651836702136,0.012475565661274883,0.001734520109564964
Eswatini,0.13400318119054627,0.005444850128220657,0.08778909614556822,2.2214724082036077,0.1259947454158428,0.26561478208721134,0.06958396308389536,0.024747115881373932,0.003339393534772145,0.01404261445310988,0.3427241253351673,0.008092894530390466,0.03845555692720783,0.010656319468776602,0.037376935492703205,0.1718790895736364,0.010487705912102727,0.12097743667848085,0.04796350462223614,0.008225213536783882,0.01470349386784678,0.06764017053826463,0.013014188913233578,0.07175965310183603,0.053750344712845906,0.08005958090131789,0.08503428370865142,0.008031511488598032,0.0031701033883989563,0.16425714511694636,0.00967301057788213,0.2410026094328547,0.2068211884043486,0.054767880126314436,0.06817596999011644,0.07028012811486442,0.004738751653107279,0.01821170753465879,0.01301446467567025,0.02684954364823069,0.24084557934690953,0.02970958734463901,0.03514100477402473,0.023794976643813328,0.05951566416162158,0.04039764995597317,0.0217050330755384,0.051140673489541835,0.027157270590874,0.009625134463362097,0.07371235399555424,0.027229231052005743,0.01657451557313937,0.30407489643248664,0.02920871662960214,0.058300633688131154,0.07754196280425951,0.01161003218801484,0.010810456735177715,0.05582646525473342,0.005878656149749781,3.2052200586641084,0.1752157072296645,0.10965585395097167,0.11612467508482986,0.14542659911951805,0.009412555269222887,0.04513662726176476,0.006219609853232092,0.01042230188667322,0.24049585155896658,0.015865574523943483,0.02891494877147909,0.011177694138860005,0.3524498589103688,0.07759418999972713,0.03464739671346726,0.08818531480997076,0.010376256893856241,0.008532318873018686,0.07900347629539117,0.010818091217623577,0.02842162248292478,0.77437705496043,0.013802247368742448,0.11130354782632461,0.06304752427455498,0.010721343406382573,0.005381369465249882,0.005464365517128337,0.017554271816679397
Ethiopia,0.10754432708325982,0.008987048673008275,0.06417768831929702,1.2917773971102477,0.14491320224187215,0.1774972498728128,0.04096423563929555,0.10408344634190228,0.008282301505266492,0.01882777425839085,0.2166769689731933,0.010186687603542815,0.022008852673766826,0.026421406939889088,0.0778911841607483,0.09078839066388612,0.01845612280320445,0.04669508297695567,0.018091069602777093,0.02851579192506607,0.014914718847359626,0.034214074832100705,0.06348459800873338,0.05028387004041158,0.05367168460957075,0.04563897263892053,0.162401914599997,0.03727054046490039,0.011072324319242653,0.04131407790451037,0.027728440175476855,0.4020121657081013,0.16129715868822525,0.16525207826471863,0.02289006177579543,0.06572779685426151,0.01904135413267444,0.07131005300186738,0.01661590692479995,0.030125009041662387,0.15339460195955226,0.011978011917892297,0.032284525844667664,0.04623684936860411,0.0964317875727468,0.02524187144977325,0.03167650401020068,0.04184781816255372,0.014399222878881384,0.014704165365677715,0.011864526125723227,0.02872688295498841,0.02223535158362604,0.15531914652746626,0.09261760404890328,0.1313933258930515,0.23092246682664064,0.05832781472416671,0.032015743935019464,0.02064661578263179,0.016744390208293696,5.344669597748266,0.17152957838400792,0.25716305197428474,0.1305895946881186,0.1283130193713822,0.04145842279369211,0.11231030005923538,0.01583922596237516,0.023001351480437318,0.013444355862068026,0.02014418673829367,0.07314261168556187,0.07154642772474405,0.481677540991943,0.07171167771390308,0.0773804842754108,0.09009422814134384,0.02252507648621705,0.027287575403264184,0.023248589291219354,0.03543764749880842,0.033898281339089044,0.28944077099731846,0.09129621920572775,0.2527699645698614,0.08894645357237681,0.018486182079175722,0.017614638497786744,0.012792583269331187,0.003920785589422637
Gabon,0.05114122984212612,0.04106144959558871,0.10487441311524455,4.85337339119977,0.18854927853313974,0.4585632230544482,0.06708332344850816,0.02156752020672021,0.010140949495662821,0.007067243578722199,0.20326487848711372,0.003922338103862345,0.10359262747275921,0.011986884939576175,0.08783428916786566,0.13432229874366264,0.006490918992108119,0.2670474989400967,0.029203914379205016,0.01784332010551327,0.05433611359309979,0.05153076299584569,0.022278739228527408,0.001716970345961427,0.024736831286926265,0.07736285082432007,0.06645687505072842,0.008099981178596295,0.004800159504305852,0.10579033921812767,0.010836483828331139,0.4365086277930311,0.38775084986374475,0.084829633439692,0.06476539129736729,0.02043863085429356,0.007154782424525155,0.007976836109939864,0.014985894441970139,0.018988152075367016,0.12662301508241422,0.005537425764592849,0.09144838732093089,0.02454311123194047,0.05411545175718646,0.03829885130997918,0.023552558328248006,0.1515862278702925,0.013947182263636185,0.03782788555146153,0.08604048938101035,0.048549412388689685,0.005241262257259938,0.011423365057449713,0.018123694232303224,0.0729049269636487,0.10268184915894596,0.016456326572176792,0.021016960003053854,0.06304933056516034,0.02183340072495848,4.894778169297942,0.3872659410849039,0.12167438413416136,0.2002540510206918,0.0727736230347199,0.006822002742343599,0.020227395002910008,0.004507302591919044,0.0045894578783163996,0.43719216219536156,0.010285446779968345,0.06608100424363776,0.03593006639968784,0.18340394172551075,0.052857367203673775,0.04507273558410449,0.11198043903305832,0.015814899989496284,0.035915406797375385,0.1421789161895053,0.03233701912186442,0.020644221611907806,0.0829665810543104,0.01312122930172642,0.10941483963799706,0.06926702096962864,0.0122003556721773,0.037242096081964784,0.01287042419421424,0.0072082712652363976
Gambia,0.11208471936642934,0.008351695347220967,0.02910235897553104,3.80186005823003,0.25728184545113797,0.18368858211941771,0.05021067494803115,0.22739825267516084,0.012706295734524855,0.014760377586813759,0.09545795694620553,0.006065117891259733,0.08747716296580726,0.03652049882882021,0.044541250020371057,0.12256557387702742,0.01948781532639688,0.1966962922993694,0.0069582178299011,0.02135579729249033,0.02495321303574735,0.04511642379148883,0.02229325379405208,0.0023054815550171332,0.0265492813390875,0.06847075653691372,0.058705862611510874,0.007549315710177989,0.004508085515103778,0.07647869310618483,0.010695928189213845,0.2878854246517805,0.2846013072635869,0.0942436107296648,0.04408609979766989,0.04898603331538967,0.006355453556846128,0.09541260721848224,0.008120180557613002,0.01573143970982844,0.05463124486917959,0.02069786214838986,0.07141785938105064,0.04672579420063395,0.04097262305266632,0.012985812666295359,0.026790427880492972,0.1367739549901837,0.010774344576100915,0.03088048978135797,0.02160172335177642,0.0505963188510268,0.004735285316535003,0.016326850273193874,0.02092720501829851,0.06245691324410239,0.08948256978957758,0.016114740850480567,0.015193498742931697,0.02964345064762806,0.0035767976566068063,3.7472248085805866,0.2745856089261636,0.11145386464983732,0.12025821608473021,0.13035756894697778,0.004991273250770388,0.16561725146554823,0.04946077302367811,0.021391062406067706,0.515294074206617,0.004809302594121663,0.050346315697259024,0.03959624022417347,0.16026873406944359,0.021504501072112416,0.017807521868911047,0.09969744257706858,0.00807433321076831,0.03473543457970239,0.060314869444343576,0.031150359987148428,0.004825534356644172,0.0741982712660774,0.017395308827367766,0.09910485571606417,0.07736465771490013,0.009811397918945785,0.0034696714886030718,0.011223275698472077,0.009994749280131625
Ghana,0.06962987303278367,0.005993215337413163,0.10928232099644547,4.861750840881713,0.23907771840822759,0.26775870900490567,0.014916421976997206,0.07054528144852423,0.002044717233975823,0.0435301595806364,0.09251172372846166,0.01755778279938477,0.09534735122439879,0.011061539547808098,0.027433675894312063,0.1291977784657825,0.005750258265536678,0.27711460455083325,0.015960260779120484,0.03205843190218682,0.08750141168816232,0.026782834437091466,0.044833706614948454,0.0016910726014971844,0.024848801091519556,0.06738541418487368,0.051393754510568664,0.022853067676540887,0.018346694959312376,0.1035060950495839,0.012607909493627615,0.35871562339771723,0.2827315551123246,0.09250261057878899,0.04086161327306214,0.04572320990346202,0.008729347321137577,0.04242920555068754,0.0056656371634303685,0.00992637504922519,0.06166012358664746,0.024840370965218336,0.07196914455865347,0.017926873205104537,0.0160303727437873,0.04126250870699961,0.0025626843390260394,0.1307420817430805,0.015296063040432734,0.07449192458081318,0.15225982773553032,0.02677654389952124,0.022524200913631772,0.008428157905864547,0.025405406921454984,0.06093717944644622,0.09495693904648787,0.03247062948097148,0.015376914643741468,0.0377501129090372,0.005754978851285802,4.127100283522646,0.3078935746512251,0.10092507436633076,0.14483390439947486,0.09834610359948241,0.004965908899908938,0.018688355355674206,0.012017775851500581,0.026308499449452533,0.1874933435542834,0.011038152883109295,0.0761239060812352,0.018383220179859813,0.11991114318490168,0.011939953877635178,0.004605158995497657,0.12761110829242034,0.0158598614563102,0.021347254663822236,0.24281794802273432,0.023931786319641667,0.007386343507504009,0.06902830554849669,0.017316239918834807,0.10464750224411364,0.07975975232075429,0.019071052806518194,0.03170002479783239,0.015733238782453092,0.0063824255808934156
Guinea,0.026251829076838564,0.008943625896348251,0.04152668454629042,1.827173286415459,0.07587043226857122,0.3918820052172953,0.11581847995677723,0.06613804599902637,0.006304636548691279,0.051029691793863734,0.09751552308624703,0.0138084633488312,0.033036224640134705,0.03109065290150529,0.03487173358724397,0.07541443264367256,0.03118289937467512,0.06950222605587265,0.10148865752135144,0.024704712754689103,0.010881662305164547,0.05022013667156218,0.026105202881247576,0.008591772250870362,0.019570339952635935,0.13932652821113525,0.09205704534970245,0.007379732655456067,0.014681074041068796,0.1782705124013903,0.01013268124994772,0.20666089143446564,0.14222199013920617,0.019930852852879544,0.04353900910413288,0.011590066031838223,0.011333979432830715,0.03221158648768138,0.01261293806287226,0.046008644444355096,0.06865986486700006,0.06035982130951944,0.011347858661580626,0.031127090563235885,0.03860125340008403,0.024127679229127286,0.015308216997652412,0.04603622581240779,0.06174531077381793,0.011077635460891147,0.03582894243375868,0.02662284088808021,0.013021834153698947,0.0637156905737719,0.017845166763495273,0.08319395264976497,0.12860668358388447,0.015088853965913725,0.010327395994690167,0.09219012430679115,0.008276334532557562,2.899777728420969,0.09503029774276317,0.0435097891366567,0.27040954658843114,0.015278131121886704,0.009422395697963703,0.06466516173393565,0.020599022468243598,0.04316361294985331,0.09143527346441412,0.02130735259406642,0.02929216584976299,0.026840511889595225,0.3371668499334685,0.016400730672418512,0.03345078173753389,0.06734284984985335,0.0858595190919577,0.017777179735015646,0.06348748290271321,0.01783502555275041,0.008890773895810961,0.07747702859975861,0.014534357884416158,0.1607428757498383,0.10890308934603404,0.01586038774687422,0.021584885492982,0.03334428100256136,0.011286920265906773
Guinea-Bissau,0.11165530734187729,0.008652885925095825,0.024529983127821998,1.2479116987183274,0.09247550580999474,0.07409580383175962,0.06928567385377671,0.31366058693936116,0.04037163765965486,0.011265572177579081,0.37160761644135454,0.04114118837822657,0.0804218387224339,0.006301671796642744,0.14493012702825797,0.04785997252797651,0.015220867642821195,0.05717971746807829,0.04058271416794237,0.043768052402789415,0.001548950051005674,0.031557505510825236,0.010155657143579156,0.015831116815869406,0.039464489249857036,0.1804780073422459,0.12506573880638394,0.009722158208096486,0.0022618022148892182,0.20115469185912524,0.006628631573830634,0.1904210508411695,0.03556519271437657,0.053688103718693335,0.02948010604331537,0.02884704690733983,0.0164795482346951,0.11823695052835059,0.0038356306772451276,0.014928650954021431,0.21407367038700506,0.09618647112311693,0.06841431778740813,0.020453256780828474,0.14486931980495651,0.025972324452502794,0.011370864291489582,0.034048606097504104,0.03149389454959818,0.019075035804422897,0.03239353848878608,0.011189738485192571,0.006936089816036464,0.08284926274041195,0.022441213061234394,0.10957300867525314,0.14863106960326947,0.012475525032569794,0.01216335290509746,0.09931313854045506,0.0018643717416063548,2.8273989400852346,0.050280988533997,0.09898608506948163,0.05970866231507008,0.11046024095294135,0.003782222264903064,0.19022532651710464,0.03044621419035581,0.008505550678480477,0.1317769348778366,0.017150422292185153,0.047047560053597615,0.010077818769839375,0.4642931736995747,0.029773678960089884,0.0037905469760086846,0.04612686926709871,0.025846513772913044,0.010941164062988859,0.0760345890537016,0.016132762495102714,0.006962633926424565,0.0733007042530387,0.01034354731170479,0.16362401667817236,0.1220474730030758,0.009166576792962403,0.00198619613299293,0.00873489348819015,0.01582720953345679
Kenya,0.037174363103736986,0.02220731107114001,0.0940486155152184,1.5308791392044436,0.0356049767013916,0.21740808867308403,0.17777597317820582,0.10939245025149265,0.03406198565083908,0.0391154044048911,0.25242765976795184,0.027594969006170072,0.09578127978857837,0.009831443780419443,0.04847489776766527,0.036467915478952,0.00933708911013329,0.2609955459921014,0.02627498542543131,0.039225830298699006,0.018847589506679464,0.05763956530691276,0.059327705849793834,0.03479133034912491,0.04394548762829956,0.072992792045874,0.10546759647697723,0.05408936781939076,0.033220905333890084,0.0674978757455162,0.018355259602672595,0.3170918717889491,0.06944899695945517,0.05298167083556272,0.027780189436147767,0.006917951974373206,0.028941539609596844,0.03540571046279301,0.009188923265331658,0.031127197139412536,0.18170303506945965,0.00985509975688044,0.03983195545912914,0.019185922946676592,0.05718252862972131,0.017860803533430617,0.023434294258137037,0.06694161230023311,0.037946771733455925,0.025297297031485512,0.11758403400319493,0.0522256997441103,0.04361913611930287,0.06089352383267959,0.04785285663129053,0.042326918071588955,0.10930953087287465,0.06844829410537953,0.09579694508374408,0.04532897297431275,0.014372296581870989,3.508660878112745,0.06933877526700899,0.06875201424402667,0.1700279364277027,0.029731535047545672,0.07843625567723751,0.03025721932769344,0.0734939403679946,0.03264449101764002,0.05922392487877252,0.053600467774123764,0.12833978531947096,0.02814354524612785,0.3859349292506888,0.05485937197033724,0.027102878846593903,0.2513311365048172,0.025257997122671322,0.03239791759009212,0.1729631115286885,0.02316738345341502,0.023551547467538483,0.07813401068583217,0.06593817355426065,0.12399548118856207,0.13587818763234474,0.04035277843640917,0.0450306354203573,0.02477781086600826,0.017033055753897738
Madagascar,0.23184720322685115,0.012958199619282306,0.07775833342567746,1.167328985529583,0.14324469419700853,0.047191131242052785,0.025447052085842713,0.18821666154586572,0.005684590705851679,0.028052963343813565,0.14145167798907074,0.005088364755174085,0.022378319580958088,0.04401023795309723,0.013399171381552251,0.013592064527471586,0.0146840582979994,0.04764810093204276,0.05046157596178273,0.029018340839416245,0.04059070038190731,0.030155183782672602,0.01100049616436233,0.07212879499426243,0.08048949683561321,0.07255186515401758,0.08450026895137679,0.04607763483444022,0.004463380296291092,0.042566850597942615,0.012813103166098284,0.5888110503151482,0.09916303957324839,0.13775198960332846,0.03931689321440812,0.09514654472085793,0.0031495967291615746,0.11894891949006059,0.008971652670213746,0.02172530952076396,0.09196723803504665,0.03191957936765129,0.018703611636080725,0.05447993281739934,0.0302353250804078,0.026021947492724015,0.008424178373834862,0.02261921016187226,0.022367022640661354,0.08493113374106946,0.08604375544231009,0.020114522416754373,0.02590567880645268,0.2078743594279065,0.1427467197271064,0.15529363730693765,0.09450524147213098,0.056328844911984276,0.04049390027505627,0.02302061028662007,0.0036971883005567745,8.161035405865437,0.09388916870025872,0.38851259634436525,0.09610832806648731,0.19934892721695896,0.005167975880091294,0.14001560195421323,0.007493046681226715,0.02385010825373366,0.02781516999093911,0.014325201707842095,0.028194512163602255,0.06765855122670997,0.12787102302915904,0.013147233898095483,0.043293273446917226,0.025884931803672528,0.02919598183117431,0.07790446421730715,0.1126995946300819,0.04717156007686554,0.07174016993970891,0.7265464318397619,0.09843516375027467,0.19600478711621627,0.11572206155899717,0.022641080282700225,0.01386954250055394,0.0024815547426658415,0.0026204074039866136
Malawi,0.21833992060891363,0.007451984326149247,0.038554325895891826,1.1564963813106193,0.05136744940014029,0.08221958099440511,0.0062159750782698085,0.1820603730976714,0.011674212209071966,0.01587596096355536,0.0904002667406512,0.007579981024491314,0.03005746903314881,0.05772786290525021,0.025896505101582208,0.03050239405897963,0.03470130272288984,0.059350549673055294,0.015063849895456406,0.013168762072263496,0.03424179173922786,0.06189805986168334,0.016060903572347667,0.16082243752800585,0.04525192552180128,0.04988524481139712,0.08008914473090323,0.0609679824606733,0.006885419007471777,0.04735591751556345,0.006098077658843262,0.6487840089295632,0.07899698011405647,0.09589231456874286,0.037886176625455355,0.09640545611959646,0.007105327874584448,0.1043764622803645,0.010699699754121854,0.016920799428622405,0.06881047358138559,0.0345101062844177,0.02147135410134088,0.060502890832085536,0.06335580189917012,0.02876980970354324,0.027805494316052334,0.04207686364043381,0.0177778475223138,0.016185973520140385,0.03455355044427464,0.01867784232911037,0.024463835423338035,0.4669226952815986,0.07859200058926961,0.2771216796250399,0.06746532619413274,0.05565500288335727,0.051458430194479016,0.02557619314180934,0.0019404751033787865,8.30689090305861,0.07189356618463072,0.29719678059681914,0.08062124192588759,0.1790811818038034,0.008734957788132087,0.12573099711927616,0.011909284371678009,0.020418013649422747,0.039602373717412744,0.014919034507527884,0.015452212967187871,0.08528186328152806,0.25299754361246357,0.022486887327311342,0.08938385793042912,0.03281370712056709,0.01313848216531455,0.02173303806393738,0.010857830110959046,0.028870011128358658,0.05812226417968789,1.2639047380644934,0.038310189531221554,0.4242459933051582,0.05019394556946618,0.02842204278085665,0.017700991383164045,0.008695676808794418,0.00686702713452418
Mali,0.17065646868571918,0.017656902416959483,0.03505897242560387,2.9274037630979293,0.125333228408354,0.7223119413765916,0.026889343712246338,0.1625918205417516,0.033027977503501886,0.04080393754457499,0.1276252846290357,0.014882691727092308,0.05761009270750014,0.016192024254880987,0.04758880746261134,0.0858198264970274,0.022257284036436117,0.1508461152115502,0.04148261164616522,0.034604850913052244,0.11374220232799101,0.040944907882740945,0.07669682121608375,0.009313686249358723,0.015347237625681572,0.14622564063046603,0.06261098271014559,0.00740559240344321,0.015782439859833554,0.17333062391634793,0.009607049332778016,0.22574996491112795,0.23642047186688628,0.03626706733562164,0.14541976392520461,0.10878686225722867,0.02793404395079895,0.07975786356761352,0.005127982659768222,0.06435729972767738,0.06346062652135119,0.03339932971760721,0.046301454544439104,0.035155350648582426,0.031872641961023185,0.028487140892560693,0.009473877420647665,0.048987902697286256,0.049758512316888916,0.07471249012532276,0.14178179756417303,0.02229769183289551,0.016286478164424457,0.015828255812871037,0.019688601457068685,0.05501807399815324,0.11396674944840517,0.020950838224534692,0.012897347797130676,0.06481992965954012,0.009283971622075076,3.103222863192425,0.23950948239662698,0.036448588063252095,0.24256224984368283,0.17511967006347198,0.04348200781546458,0.1560418334903717,0.07578620025834003,0.07088209681486518,0.11877298742521555,0.01415657794006833,0.05005723200588996,0.012934621084020794,0.20084838333146224,0.01771110179504481,0.009061796514503272,0.1029183794871243,0.053754799833360976,0.06513393427196056,0.28891796780238505,0.013961815306560573,0.008378817357593455,0.08325160858647078,0.014720418818236913,0.10370413257868454,0.08444533832413056,0.007955247923860119,0.007717290988512115,0.10676098256193522,0.014519321930332247
Mauritania,0.13842615265222896,0.012611148650618001,0.07383104161934324,1.94049050604293,0.07591172089598323,0.13090465798169398,0.044645831875602865,0.019927301323746247,0.0027820088542314632,0.017555416559363685,0.37003235180751176,0.05796572363723319,0.045342123200245464,0.014780453072212815,0.15849719849414523,0.07118339374849035,0.01378542866400074,0.20746277683991013,0.030172625022599053,0.03055185557594283,0.024739355057289275,0.03462127778128219,0.03660919695597459,0.01001712018619263,0.02242725468000407,0.10558432535254371,0.04446587557473627,0.034566728365337585,0.02019536415288406,0.2385799795800361,0.009162852058224973,0.3718989265334233,0.1708901162461892,0.053780749249569354,0.027056427454388732,0.08805002066288768,0.020340488528891188,0.00993804170999694,0.011497962477223015,0.020185815039017486,0.22475892157437843,0.041135626619257494,0.04808737265845528,0.030252804863291995,0.07378227268096632,0.03158073010440089,0.025308875540314368,0.03721391251589377,0.021075741893496435,0.02015523744077738,0.050007265144906804,0.029121188948467314,0.028703366825422662,0.056851238751812645,0.03206585660393494,0.07191361908562936,0.019356928378011687,0.10372232698118575,0.10051251170343534,0.08708685586795617,0.0026771962763131713,4.374768421717198,0.13910847344431632,0.08807434377003967,0.10685379320883365,0.16025185140117895,0.019582178369772912,0.03048805517011308,0.010645682105127697,0.01125290806936868,0.22588594778455762,0.017196126980478076,0.04380760786398698,0.008874755986210684,0.35077129023346904,0.028193304917029177,0.020255636731458488,0.15433294210943965,0.028846225253120236,0.031008813561698097,0.11208260736486024,0.01345513605589986,0.011819196066021087,0.23738344152233912,0.016161065932046328,0.13484516063890625,0.029597492239027814,0.0522206825565927,0.043634711747693046,0.03895914238556441,0.0070355986686438
Mozambique,0.2056816946604027,0.009320912047022177,0.04061264704051207,1.0412001147895213,0.017795144435124585,0.09241332461065077,0.02947016785956164,0.1685784383045733,0.016256124477845534,0.015510425791228103,0.1323447278073957,0.007895460243858605,0.021305857799857744,0.01573750199752246,0.027956323823208458,0.06248391843264065,0.012116380253374219,0.035650339297236815,0.00907504778386955,0.018576917068588633,0.015411927279537833,0.043106202369612205,0.03328394214214975,0.02001473796227939,0.07761677773082287,0.015294980437751647,0.04336225233165972,0.03303519432964479,0.004937827343507968,0.04750443230331582,0.008698063368524005,0.5789024550082777,0.09533136777176376,0.077237422872608,0.024547620759424585,0.080506376813352,0.007349081806219972,0.11511045875246054,0.014173208845478555,0.027023950793981046,0.10866948317334267,0.01295210917708029,0.031013092529615406,0.010456226943688302,0.02779957689282792,0.0315169925396487,0.00287417724784785,0.011896750021484498,0.00817728407426344,0.021581697868575618,0.023368098554664936,0.02469072714284222,0.023238113013238543,0.059816564808207455,0.11986552885007319,0.17078511416568973,0.07476320991094214,0.060177516172281335,0.05616098572692662,0.020407083568736255,0.006181813939722608,7.069390575852577,0.0923650257615176,0.20011145921176338,0.07506561526545306,0.24035199495368068,0.010516548758980502,0.12454894086413637,0.010410182417312348,0.025252829334319268,0.02337250115593198,0.015278966638609363,0.03485339423790792,0.012477424687040776,0.12857791523617168,0.021392613383600673,0.009043241811736736,0.035770618644977034,0.012968596982535122,0.02834066559199416,0.0367227508938401,0.05881421708331284,0.01217169897597218,0.33469871247264804,0.09956455400056832,0.2407549432737063,0.12272988160762938,0.02377630712288142,0.021441111124965263,0.002993480581220606,0.0027040655930790527
Niger,0.21634573479355568,0.0040102397748400884,0.03778926714304587,1.0001463988877928,0.0866151075721971,0.10228142527859495,0.029845898330491585,0.17491762795030283,0.011873966627610252,0.028866427695295262,0.09504222838271514,0.011236316951492476,0.027068597928540883,0.019683623830547146,0.04688247362221133,0.06817251273515092,0.028629793527197106,0.04189860884708422,0.012038142964473947,0.011716960858828208,0.005051300048538633,0.0579802694558922,0.04440614153722726,0.0643099938593032,0.12462581674864524,0.02775279426349552,0.052178543194864285,0.026805199057776802,0.004582978874465092,0.06560027180599896,0.013465620404737278,0.64547424492225,0.10011057038089939,0.09076781723371581,0.017943456320999203,0.07218657602068772,0.011524344462509922,0.11181316888485392,0.016617621926267905,0.014115367626186434,0.06019165381844347,0.016346281844028834,0.03757591876151524,0.026532957641766868,0.03627551096794941,0.02219014130155246,0.008156393940639092,0.014156081173234948,0.005865522481343225,0.005145766263437091,0.005951464956046116,0.027590780087018898,0.010783731252303183,0.16295654090224485,0.20148280710144584,0.18102579005352162,0.07827804288175419,0.053682853881073654,0.05000629375893987,0.02711046138942302,0.0032002540431932632,8.606060949761073,0.10340305553822289,0.18765372928634863,0.037003625717996806,0.21127392905440415,0.030645448899305105,0.15626473292237666,0.023553452009826545,0.027431164428836464,0.05427783709667269,0.006959910380545015,0.059793877755520454,0.025404435776889576,0.11851219429242432,0.033571930776791985,0.015494746759811507,0.0547156065589353,0.006905251803224057,0.009462672707014645,0.004567544611143723,0.04747056550066736,0.018390274891097555,0.5687645851521371,0.1581781814474895,0.2085958224422368,0.14613605263221155,0.022047833747985645,0.012776964133707089,0.0032368178707908027,0.0026823682018718557
Nigeria,0.04810596277250586,0.013928716021798147,0.05670362000908498,2.278787488692804,0.0784787006896615,0.8241236129625793,0.16424600733530453,0.11179354570027833,0.030280950240071047,0.04470580168287849,0.23871840215360324,0.016199549042287906,0.05220123611865939,0.009783424610878578,0.07859990627915404,0.04254649454687933,0.0050016929978280115,0.11126659638378707,0.04626000963507937,0.061941976598150796,0.11047636069704889,0.04030242629473094,0.1339374625606764,0.027901034461212955,0.007442744465707901,0.044530205151448086,0.14182817503178596,0.014506850783007265,0.015110026249161617,0.047506694951943124,0.02088288735508806,0.2347778403540218,0.1560043236072693,0.04564651475166882,0.1641006665453582,0.03162538729319914,0.030860397410127537,0.04505006720648808,0.026008169168744516,0.04823667008282112,0.13597658721072567,0.025761729206412287,0.10812628694477588,0.021520195509665628,0.08642077328896226,0.014069076748419835,0.010802873615815787,0.0629677970743542,0.033391442999645575,0.08737183651417117,0.13812125881835255,0.04093795018721075,0.07843816302177295,0.09999297297751403,0.031111674366322385,0.035734587877667146,0.21319027794951015,0.018777423682161416,0.011896791358334716,0.02888709247885042,0.00557265123718326,2.60803159402208,0.15194845697785608,0.05652751684728467,0.44656420183923157,0.04334649812838019,0.045849543503129565,0.04974762174729954,0.08247466898593067,0.05361064679118298,0.07041444776632735,0.03206585087741022,0.08567215279336575,0.011175844302913466,0.5563259231462163,0.02610484048400249,0.0061560196943144276,0.10951222287487027,0.03285098146214509,0.08368363366679377,0.34021696527789785,0.013514740608484377,0.03511150511883495,0.12454706872168336,0.010867386134656496,0.0960951655168195,0.1496043527446131,0.014897035718470713,0.01853818354109159,0.060631418201103966,0.00782595483919545
Rwanda,0.3863560609279736,0.00926716264349025,0.07268642014901301,1.9684501165712842,0.11046630980055977,0.1141757727613829,0.031702905772856414,0.08373724325401555,0.00935903333025711,0.01621762157050916,0.053106648280917386,0.00742978195205924,0.024063125869473696,0.059426304200376846,0.03743861040741398,0.03524391905841616,0.020039588960743718,0.10414637539164392,0.01874508195654819,0.018551841013493702,0.04534306315541553,0.05304180787357115,0.019218843353321267,0.035038965571409404,0.019643007513655046,0.1161711663317468,0.08356563845791158,0.02544452694255044,0.006242887277048372,0.08161662814497582,0.019540657604066314,0.3773287283328092,0.11823669529703525,0.06270460216915387,0.030120405847838757,0.15260731920386889,0.006790582980931038,0.051888588245274,0.013307841493332525,0.021129113942975623,0.05608720518140159,0.04826966697243408,0.02395456609141762,0.05548017635141527,0.036535285178734084,0.02255114674316281,0.01065481171892104,0.022364884837543134,0.01652427962014404,0.02007331107246397,0.07974710294572845,0.02995514738633532,0.009696591821503979,0.07117989989340563,0.017786316886230835,0.2449490542731002,0.08272961628886101,0.0361783124936465,0.020602573767996596,0.025503433682195164,0.008245818427052763,5.535850902666948,0.12457758846784324,0.1618704331514232,0.04947271078081437,0.23599850551982174,0.00973129032117219,0.08603101438096203,0.006419598004737383,0.020789135251321252,0.0719005449135088,0.02862670182171539,0.038848615936028105,0.03681068559396289,0.22740002027444972,0.029435554296999605,0.026442713798894152,0.07525040482685356,0.013348679802548318,0.022120129499835568,0.03899347686693053,0.029526765245834315,0.009334676922620343,0.24602445200947282,0.016433926796400506,0.2540776011548157,0.09374816704209633,0.03067868768957015,0.01080482733409864,0.013787772852739466,0.015358166030797461
Senegal,0.10071721500766269,0.0031728440118081323,0.03519232513879751,4.769460168879834,0.2979947621961158,0.4057870742955271,0.008295160307124556,0.04993183500034729,0.01812986480160716,0.022020927812409247,0.11896343420265594,0.007446855409832803,0.08131573132919558,0.007670388453269719,0.025119379461826994,0.15099520389580687,0.01662100668433746,0.3320332505624704,0.03377317351666669,0.023242763263582777,0.046236487168128046,0.038196912019319317,0.02187541398883536,0.004787001188961432,0.019504902272252954,0.08110404064490806,0.05247689612002889,0.005637521197439759,0.005545307267751276,0.1286486115998083,0.008294610295663188,0.33338937618183456,0.3311441432717496,0.09575192074469986,0.08866335026645566,0.05184803138422733,0.010638986743278666,0.013628736365496677,0.01366533494498488,0.01047356822472463,0.08785244029763335,0.011750068827842373,0.08420756280269641,0.017109841058501513,0.01847459952704682,0.04781966260351078,0.019023187765058822,0.1206434113063705,0.022775520654044777,0.04366681078797455,0.0787037801231053,0.041435274864686844,0.018439661977133325,0.022563098322782915,0.01834719890764806,0.07342801628046673,0.10683244085749795,0.016058363057888245,0.020244319243731906,0.048098039780688724,0.007863150302107899,4.515271769164187,0.3205560615543719,0.13720188105882022,0.18111537040039402,0.13650150709538791,0.008168754936677944,0.018447531871107696,0.012477209416247049,0.021977661241340662,0.37149122196033973,0.00963065096460646,0.0464105893120415,0.012137865251116478,0.14292966680297486,0.02356583649877533,0.004052384463978033,0.13436309212473563,0.0300032094385387,0.0335603856362056,0.1398911155346972,0.027250322155747596,0.013420127157172557,0.07028523615557582,0.016226253980221778,0.11466199546133703,0.0774391337213775,0.007365768536394146,0.00916490321591174,0.012344850479355005,0.009913282398511658
Sierra Leone,0.04758304482034741,0.00817206473384537,0.04447732132441642,2.287302426614137,0.13835387751667938,0.07320453015304298,0.00936028546213853,0.07149898253426264,0.01175380671176427,0.10229923593095532,0.3484992719700004,0.03293051679060116,0.02583736707679814,0.01809467436122104,0.09527652574194698,0.05513153108810745,0.01250816158986976,0.07468589695448875,0.08471233340479324,0.03026592676976613,0.00730162395131345,0.01512032788509525,0.044365595880793515,0.009873686408981251,0.017252898320926333,0.15766741085686917,0.10908025643113267,0.005406910199531108,0.006154666521133734,0.15052234131542744,0.016382080717449673,0.1748070292133468,0.1613768571714048,0.05254934425761242,0.02740707030762557,0.01711967279934747,0.008075478078761167,0.03365573025872561,0.006024297667942633,0.06410498985607696,0.24362258766302625,0.06714285853684342,0.02084112953007169,0.03685212005383573,0.08841786546585735,0.018500908151922076,0.011280587499307033,0.04164311977384634,0.05478874137844555,0.013302699163209043,0.029918760754734645,0.01720658294883379,0.015988273460755507,0.0624208878762582,0.018571665308724974,0.08336394185763554,0.1500569639446003,0.0138703196867762,0.010103816267623156,0.05683692273068896,0.007910375394544287,2.7961432577885343,0.15490272869287114,0.08600093182918504,0.055417242562975276,0.026518434381505328,0.01090561879803033,0.05370048066613342,0.01295617049444353,0.05594371506591118,0.04924201522828509,0.018825236479150707,0.02556556427038042,0.025166318628026884,0.40832177767484223,0.012608701194515163,0.01027472958765047,0.0641209972808614,0.037129996968413355,0.013433594911904587,0.03163963122642712,0.017581908383098616,0.014692778538371932,0.07072231528291002,0.019119086408748105,0.16292754719118324,0.13330772075409494,0.01024410412156595,0.008327287738153633,0.006830122985561206,0.013091525571679764
Somalia,0.10728105363628716,0.003085203998475348,0.03080608014712111,0.8536888269624615,0.04683637377990059,0.16225883714480913,0.03155548162565905,1.3540857483897206,0.021656149612613963,0.005588834945066421,0.17732665685006022,0.003471064932697221,0.013299574259785648,0.009350894482577785,0.009731578281255615,0.017859546819788807,0.08379866659615703,0.048607902185335464,0.006664265752721554,0.028984822493260082,0.01694599488609533,0.02027679097569264,0.02057430804700981,0.5623164256413629,0.0076334623391482595,0.10610091598632246,0.09864721144200601,0.03096946540133775,0.0069823739624556526,0.0599064362181567,0.0014320343483927003,0.32122341285954087,0.08154721083601561,0.09359261852060259,0.0072059821220240294,0.07179554561713883,0.010093758616239536,0.7450931500336772,0.03461421080356525,0.0067129055122106835,0.126981897420024,0.013495198721638658,0.008122809985177287,0.030011442627489057,0.06141114402004368,0.03184744653000885,0.04436252274706911,0.018521792451660794,0.01642012011933021,0.009875004554937464,0.03673262313799618,0.002935102250709549,0.03894746900023911,1.3424659942577963,0.030189855256908555,0.46622038251500375,0.17410980285455374,0.05123578742265613,0.05201836228337886,0.023075732317754512,0.006727691233674141,4.5123011770025245,0.09063667456663771,0.09204832302982376,0.027176676820991622,0.22816780735815195,0.007138492399487738,1.3040566833856972,0.03915677708442861,0.009339117792377807,0.06931351832963373,0.006485058138339802,0.01145118164769299,0.010181968963113235,0.12515814884030516,0.03584567044156766,0.1772181345955076,0.02935012204425096,0.005105417431318926,0.0127901169765274,0.03999224205409912,0.012528254416619708,0.07083508349067447,4.082103280018167,0.023352434961647878,0.5805647733292308,0.07859018511176835,0.022532371384875672,0.01076687529361214,0.002060272796722362,0.014957001099447677
South Africa,0.170833692909038,0.007031652095248797,0.08858936476706912,5.24544371153561,0.14378871540310448,0.4364117090974113,0.10882626729401342,0.03883346738133829,0.0077359198253874415,0.008667389302272361,0.037453710613802274,0.008116800179242394,0.06695432805971013,0.006245075767492856,0.05116339970326874,0.07528363191092492,0.012233665626021689,0.15105036630312876,0.018937985346597224,0.017012050983191588,0.03472547443169428,0.03925471192480928,0.016230977887703973,0.023794000936612686,0.032837965456955075,0.03431070176237894,0.0779510107418033,0.012605053075623767,0.003047480834256183,0.036191693734013305,0.004210985598571824,0.37385823033550447,0.35146834405782046,0.06338600687978493,0.0807693199967354,0.10119547086974223,0.015449411223213921,0.018999828736861183,0.01842423676161282,0.02047690795818706,0.05466483735019526,0.005049309812091155,0.038479009590885724,0.013624197502671105,0.07884201548569451,0.004676965649659723,0.03675631511310173,0.10784592195856288,0.011303995847783492,0.025000588925260688,0.031259626804225865,0.04548302763332622,0.01379152836087384,0.09270190261898184,0.01198421212629846,0.030329361784786846,0.1510557737725861,0.016431590355029706,0.012953268857178632,0.01811088708341908,0.0023317101837737396,4.612056348828431,0.3921796053180675,0.0974391936235437,0.1839046478437921,0.17487156724788025,0.05017344489854417,0.045576037889579944,0.015532662886214682,0.012648288075937972,0.6459422111895393,0.01424784922198151,0.1143446539397705,0.00828296809984152,0.38718312976517727,0.10431179846343346,0.05632956673938082,0.12986336005917426,0.01989470253139496,0.020498066815576577,0.09216423697145389,0.039874679520216595,0.006971338507816306,0.11863008014714727,0.0235633267062674,0.08201880574618026,0.028386663607268055,0.013400533554050123,0.005249523273600977,0.014395216636373992,0.0076169498882543065
South Sudan,0.07268540866796189,0.007973664071459214,0.006631070666672074,1.741623340763225,0.05528703249928283,0.2569320212191855,0.04107597789003353,0.07969548128291729,0.00737936606254194,0.06335711196215764,0.14044304691977433,0.029539803539763123,0.02059449106301082,0.011236551216031244,0.06870475734388164,0.009675643055790642,0.013574845459158895,0.026035480845297592,0.11598043878549294,0.06133369928462788,0.026599757767389265,0.04805907609950814,0.06163520173801894,0.008418551139794504,0.025221956928117652,0.176940843065385,0.2725734461781469,0.006474819449185476,0.007286951282438961,0.33678129829783876,0.004220674670314642,0.2002009395028574,0.26850547426049515,0.023802824585104847,0.0477437832580912,0.029090189603562782,0.006866327906723389,0.02515578697055224,0.010194488183623257,0.027675203629961617,0.1776273030897834,0.03589817641391811,0.007516523819881398,0.004344350523667888,0.09545816710621949,0.022481189349578174,0.033785169668406646,0.02436366478670841,0.012659398857742041,0.04231514256136606,0.012858650847763201,0.006787712057103124,0.03371617027714101,0.06789581615320173,0.029763190540021977,0.08947426179873309,0.24242067880168378,0.011914781398683173,0.009919986020455726,0.0516258930097644,0.01592708776315604,2.979324025166523,0.2405160635506929,0.05317810788523084,0.1731661886814109,0.11251509967949326,0.005812624902525127,0.043595488394532214,0.01850852010826787,0.0988504909459934,0.05492045597898358,0.022236164596386797,0.028634455398353388,0.010846037988301218,0.4412389683232311,0.048909500699297954,0.014241961304526037,0.06302107669007348,0.008619090020079103,0.009179361891828044,0.013011910330712634,0.015335432822210308,0.020825341860950468,0.0777199856840644,0.013777464442603676,0.16670795089968532,0.23285116937031614,0.0040948135008043954,0.005848157975119597,0.06441958871334494,0.0026345451681880094
Togo,0.09746746345846058,0.015692702329328196,0.12807316379543918,1.2622900667453856,0.12165681321302899,0.3060673334671299,0.036407843413052886,0.10172485544811638,0.008008208132752947,0.06513520337765574,0.23509083133957637,0.011760038450721346,0.038976067727839306,0.015091202610485785,0.015082812348692623,0.056451292763587436,0.024493266732405195,0.08594313104123466,0.06657546697542474,0.03281100408577023,0.05793025108008226,0.06638868375334589,0.05592803828459409,0.011950244863527013,0.03443773177761452,0.1899059580012148,0.11406648736938699,0.03503965904822783,0.02579617082536973,0.09741680861073337,0.006832693871231972,0.258717379676111,0.10955873098130263,0.0374169043988693,0.05320475803461707,0.0420496725329476,0.007550668369469683,0.026749827692253612,0.005644782374945083,0.06322235693370738,0.1769071495084927,0.040311866554576914,0.029261701470006788,0.024008395820227985,0.0646587438508837,0.018493977873600607,0.00893891525332806,0.04316645687185158,0.030287453523870148,0.03318717272213546,0.07169786651408033,0.019493460303173563,0.013617349748248441,0.06986472134580891,0.02279420592541769,0.11696062903537634,0.173707311050468,0.03705448256223427,0.021921149534150867,0.02827312136827227,0.01993082665946112,3.050820645914867,0.08559789511570133,0.06531485349223892,0.20268589460730713,0.08964918306785165,0.0125142067562063,0.04924383917636351,0.01595575030672622,0.05221238289109436,0.13026372770471045,0.015482210549115668,0.023932019022929473,0.01330238138325056,0.39400005896071144,0.030274668848261063,0.00814210836155901,0.0589474619648846,0.023210315795518327,0.04637976066436613,0.1598427984852592,0.02829619721247235,0.007206744815478006,0.06565323165853851,0.017017390676014446,0.19242986328249567,0.1372552838747103,0.031111356066804752,0.054777607493453256,0.041844867702626874,0.0178051646829341
Uganda,0.06256524141374022,0.009238471483218377,0.027804531625526815,1.564054876533438,0.02558100177777695,0.1349316906572365,0.02083843056964687,0.11039765729219517,0.010132014940541346,0.07371724150690083,0.2538815316451064,0.014396011196369775,0.05984855539305664,0.014903399697749863,0.0563258204904506,0.045324547844078175,0.012109633150648292,0.04931995709273658,0.02853325594277036,0.026582797826345494,0.025587298180303933,0.031035954281083862,0.04359170835285684,0.019474155788780794,0.031154159044451173,0.13836245908800585,0.06848196351282054,0.012603572785952427,0.005356204595214545,0.10672298211716598,0.013575690406530038,0.2267832305373528,0.1755330192632391,0.01550447828550495,0.028280383569597677,0.02684112452295583,0.011014551418935106,0.04990855279380743,0.010077689535521748,0.12178044234000215,0.2510226993401573,0.013569528960508188,0.041119393107187756,0.03541020757116237,0.07907173946719954,0.0259918089249183,0.01686383589540856,0.03421119770516416,0.025885655363702152,0.01988364609016436,0.02936094997455615,0.017122751186802315,0.04886348582347292,0.04774581123793246,0.023331892686190847,0.11552887959042879,0.061577948322320136,0.027398498344996542,0.019800947011198004,0.04867292071377065,0.004181190358643465,3.399504882378515,0.14606186120241288,0.07548046669388528,0.10160578354107548,0.09161078845219946,0.019995919509895238,0.0646521490487383,0.029575266350823994,0.06832372514259283,0.07847504625573419,0.011875523981411206,0.03137915570874668,0.03141869204025309,0.4139024373455282,0.025626270068924772,0.014308564149542458,0.10352185822270994,0.023873589304209176,0.033769157515240227,0.03824943256544531,0.022894891076671857,0.02586417455258987,0.1072520657830177,0.03945818840684539,0.186721293690953,0.07653304476777165,0.0180659657583765,0.012212908269176335,0.013354512518455567,0.0042434283868929435
United Republic of Tanzania,0.040775893031884454,0.007874216996315691,0.01746093834725871,2.591321664688643,0.06484902635692577,0.0802578338811235,0.03060781531041356,0.11684074276345748,0.012191240346639941,0.039145530326958486,0.3068543379018604,0.00708157077626934,0.04552540164094461,0.018973222025320757,0.1330244213396924,0.03890233002164665,0.011847057503378935,0.07611314304970754,0.044891518560522946,0.059097343503655426,0.04355647324280763,0.015344250326238523,0.07079498931409767,0.038392680580917646,0.009331485744702033,0.057627439032098327,0.1696704755582933,0.044957169091233116,0.004642958177215641,0.05941261037782166,0.00599066982635921,0.21742368253613578,0.23252751987519585,0.027891290642874697,0.036673566603063375,0.005583022809611575,0.031880086518322796,0.050562107007142976,0.005243684216888202,0.06790045942412118,0.20637651470074636,0.00881789294614061,0.06775729522368064,0.010125318244244924,0.10397365481033038,0.024836432631121518,0.011918848490641284,0.054128394336663416,0.02171642116316226,0.05146094917565943,0.0364221432767604,0.020459442757556262,0.07970154953350847,0.1303479776744576,0.015823766268436675,0.06082566926728596,0.23163108872794685,0.09325427796871616,0.09064794288513102,0.044198093126905015,0.007781792390107456,2.779054410777274,0.2644875417308259,0.039611947816517244,0.059718980538152694,0.03695753031894861,0.06311130965326188,0.06340730266921424,0.04173731907231565,0.043125752668697476,0.04267937783142143,0.021918936452635804,0.10108135775198811,0.01466060960928124,0.8968442092776856,0.04298561017588553,0.007796237830377632,0.13995913586031303,0.021682388969382096,0.06321711726066492,0.07895982633026315,0.033218723417706146,0.03388438453428782,0.12404243219268683,0.03305069912556863,0.1380177109425024,0.18432729971574505,0.050740919175238285,0.04643430443369441,0.01213128606471288,0.003026189737756683
Zambia,0.1401145956239908,0.009978594914677475,0.026469567163979437,3.1400107369611994,0.07406098899942004,0.2765448509759012,0.04248453997742242,0.0689113103196328,0.023042136619121238,0.019768933429183556,0.08146136483497755,0.02703025085881774,0.061326525514525235,0.013982356644354809,0.12079271956512325,0.03701778753022484,0.03139395253690993,0.10569300391377294,0.009780620775104828,0.011236540911606082,0.00661765695105381,0.03464793682014057,0.02517199627066594,0.0784657477880535,0.02400574389166934,1.062159955098652,0.2418238328687197,0.010685535675735417,0.0032722792537561943,0.04602772706652031,0.010378200443508559,0.2174544889480977,0.25195051061066637,0.04711028359783143,0.08447073463870183,0.07533298284751101,0.023406815513924154,0.026232924115131385,0.028497016257558662,0.029078699849810305,0.06054281549581378,0.06285902431687142,0.10283720786786449,0.061833994130329875,0.06671706924451926,0.017668899975060593,0.02494283990305538,0.07367122758453994,0.021155330939066817,0.012535762961736944,0.04698252899527939,0.021630836606238196,0.01811032284182115,0.21663862082433635,0.015895693292156458,0.2989534257967334,0.2785858641103622,0.016570740405590846,0.010861911759827998,0.03439355900347662,0.0033725574843124465,2.8365772000017047,0.22109642919754427,0.04134368168682449,0.06649540047823194,0.1344891156336279,0.04477772869657687,0.04615162605727198,0.12585009062550045,0.06563812594555889,0.11988234394072904,0.027404392809381554,0.06410455873527587,0.02811361697798234,0.7263584665444803,0.10812571354733747,0.07290589175458517,0.15742343356272376,0.008164482617839145,0.023588070304730764,0.03418875183331038,0.0387731932816602,0.016698717464288533,0.12431200878334957,0.05210971570147502,0.7643607181498443,0.20737807771929592,0.012068853054401071,0.008561270010311317,0.010725079440074455,0.01145679265247212
Zimbabwe,0.16186821109203353,0.011023234793217462,0.04881967778778547,1.1213418200159941,0.051855214393619176,0.5869903541750423,0.21812208155967786,0.08769818379936002,0.036294288551742944,0.023421158679202605,0.34037552378171404,0.009567850368747952,0.04517373706226638,0.019885863990112992,0.04959631434215956,0.20665320504500234,0.0426049573000154,0.08854946997004383,0.01588247190261754,0.024324490000085602,0.041601941079042075,0.041897386680201924,0.043453681716088016,0.020196467474069262,0.02111254322184611,0.1096854944974246,0.16287867577992166,0.014241229193691947,0.003954604656121053,0.12081284813959871,0.006952169533361186,0.2769587142328738,0.19935798693570836,0.07464355515808431,0.12356531711337337,0.10302002693310768,0.03162488569982595,0.011978373235921116,0.00461534877542772,0.033769253101289066,0.2700870823687344,0.06660050345829643,0.038670098714085,0.019299737050510034,0.08935096057983351,0.04786594178361967,0.05227311087900079,0.037530173984291024,0.02680271849835473,0.00906833465680392,0.0723717419539641,0.023235877119563805,0.03526241630786159,0.09346395151592989,0.009368946758387911,0.1300700935588479,0.17292407440325847,0.014020781393032875,0.013020690111821621,0.03472498807934911,0.006683368755324272,3.7188040496748926,0.17030070419558951,0.11712906217771954,0.32111608724838775,0.18877019482657734,0.11046865341317821,0.024844819773860227,0.10608184281817656,0.03650106930787925,0.15487846037902078,0.013382910740667544,0.05169019921414617,0.013966000821274216,0.5483177957581331,0.16440399290391308,0.076880607967257,0.0916373412282513,0.008882073100739659,0.022784611820824963,0.1035280301682638,0.014363547262953849,0.015793791262962664,0.10212948077224784,0.01495962098755862,0.21181037528403143,0.10108210384267542,0.010294410849441953,0.010560898418559454,0.04349405775964388,0.007518200680253327
